,2024-05-21,2024-05-22,2024-05-23,2024-05-24,2024-05-25,2024-05-26,2024-05-27,Tipo,SaldoFinal
Cajero_1,8278.907499984576,337887.31147155794,355134.89058517845,6152.151686266519,22206.759208701405,373338.3016508105,170779.20053626582,B,400400.0
Cajero_2,15204.790025821483,346083.77599099727,341578.7061521229,22069.012420422627,25827.52097871781,367312.64840857376,166327.2430217918,B,383710.0
Cajero_3,11138.05503288347,344350.1111503389,324073.2809167364,23725.06319108586,27597.96582285521,350535.5486239751,166524.01348597844,B,456580.0
Cajero_4,15122.518393604329,344278.5608270132,341224.4611554136,17831.157206902644,27518.87752058605,349644.29853916337,165568.95148741128,B,307010.0
Cajero_5,15264.3345320976,340036.4547479116,322179.1262467641,24164.91318116052,29575.30777776262,365813.2052016432,165347.82191082754,B,308900.0
Cajero_6,14671.230885847375,331137.6094994126,291491.57863655314,23280.65020301282,11803.20537043809,348745.9200136715,158763.35399242892,B,278880.0
Cajero_7,16055.574666945451,341702.5671777945,338932.8025692333,23453.221460039415,22804.886831086216,359532.85445870983,164578.2534877689,B,342780.0
Cajero_8,11917.514422844546,362608.1578791858,337848.7665620897,23553.62867476374,26299.989489162745,378655.57157643687,172874.77483229034,B,277190.0
Cajero_9,10258.963034345432,350588.5412412415,326278.18601075973,34025.32358427747,30563.765029192284,370028.97183519416,169184.0410929377,B,327870.0
Cajero_10,7966.982840791388,347576.37607421755,354899.93647002056,15748.94662756001,22200.927688207263,368626.3320833652,170493.7561749074,B,272100.0
Cajero_11,16518.412382701285,358841.8099246916,359751.9059727603,23141.503321238328,29210.97540426285,379962.30492379033,173715.55290511614,B,318860.0
Cajero_12,8275.834110423086,336337.1530456759,332699.7242436795,19364.65451489296,33197.38642025399,351137.6183113699,160313.64022171046,B,221050.0
Cajero_13,16524.127045337038,361604.0885477875,340967.4478350044,23325.90108158335,31593.644728440016,380093.7555945108,173775.65104024176,B,285460.0
Cajero_14,9022.300994755084,356654.72793559503,331269.7205027187,23768.75034915334,29698.545281011902,374080.7224935303,168918.72982947703,B,508270.0
Cajero_15,16737.675801623005,364800.1101418039,342716.82237669366,24025.53733574427,30044.544846688244,389887.8900003309,176021.4322576465,B,473120.0
Cajero_16,15567.07032582982,334318.3201261013,312687.75129917386,20408.88539604912,25746.61555818987,351271.413117459,161842.4343028528,B,375580.0
Cajero_17,16241.142731024032,353043.0611680619,332707.56513616384,22074.599396629925,29642.59269575927,372981.4593337674,170975.49417034173,B,350210.0
Cajero_18,16249.737978959283,353942.3698742248,335012.0616826031,23821.68452073881,29896.01684312057,375647.82631892414,172374.4140629532,B,491660.0
Cajero_19,15626.912096401624,358824.0726960383,334350.1762547316,23404.94302078972,27781.082316452925,380793.7323750509,172345.64941446442,B,435590.0
Cajero_20,16394.5341478326,362920.8816564547,339756.3498873149,26593.68654225505,28567.492433680636,381661.7209417328,175028.66773206496,B,556370.0
Cajero_21,8012.990277585661,336160.0772294595,314757.08214675274,22892.23948186761,28674.095474774345,339381.1367443386,161784.07426038882,B,223610.0
Cajero_22,15456.89647838506,353217.06262870406,327142.08896622376,21571.112959360053,23983.9904745372,366654.0597424602,168008.84563441752,B,272870.0
Cajero_23,11193.762669418797,357305.3788706257,335927.1131029853,22846.61129635301,28369.48667603825,375848.4322481649,172362.7148231213,B,493770.0
Cajero_24,8773.051443470818,351952.29621895443,351431.88127801416,23306.166238792823,28961.9338721545,377406.2387971011,170931.62781145616,B,432650.0
Cajero_25,15959.92841713568,352984.1042038602,351745.1820536515,22158.564582777057,28416.672232722474,353921.0281538339,171129.1130541215,B,528950.0
Cajero_26,15674.514710210267,349852.45305391133,345155.23468124785,20944.392162757027,29170.370649849345,371158.626341275,168237.72149044878,B,352980.0
Cajero_27,15181.22511844531,344632.83518514497,339589.2727298776,21199.413724501926,29223.565496705352,365141.6301886868,165336.4051073729,B,330100.0
Cajero_28,10943.07074940356,335839.6664081303,328345.92418606963,15683.794961960994,26445.839485719996,330719.6241379696,159361.494466946,B,485500.0
Cajero_29,17275.14899496325,372031.7954081381,347039.8758715136,24636.73906404416,28414.763844276626,389787.479531631,178744.1019480473,B,523290.0
Cajero_30,8876.989132493902,359870.9479780793,355332.08321281336,19827.590076396395,29240.456987880483,357002.9025856383,172459.12813815757,B,386990.0
Cajero_31,8433.764821927623,340733.1971974689,337882.58603551256,23140.559236207624,28208.064792123347,362218.9050891112,163848.31685642494,B,356040.0
Cajero_32,15938.161607093843,355350.2566377729,351013.3425771543,21010.668963283824,29991.429330467825,372678.4816184655,171710.69255877976,B,299720.0
Cajero_33,12110.973214235282,343022.23980066256,344075.5954728887,24449.223337937005,26404.59722319307,364547.73356117343,166687.3751406802,B,293950.0
Cajero_34,11074.451094525795,349408.4072867289,310034.442869436,24253.831982613006,29645.54249165962,361160.4733738672,168635.5873408495,B,410120.0
Cajero_35,15202.616720058602,350855.237772951,346570.342995795,23274.74489882913,25601.751058158712,372665.5040532336,168424.28739053966,B,366640.0
Cajero_36,15855.971782754648,356017.6919347856,338175.7331738358,23828.981713779784,30863.95368148352,384725.4500968017,173424.07511903672,B,364780.0
Cajero_37,15168.094231670342,343939.6287831409,330485.06642229954,23610.76651704653,31380.125766431956,351809.6444384016,169337.626886598,B,503530.0
Cajero_38,8771.224276103492,372639.4708648591,367402.9997020881,25345.49170006541,30210.0344601774,374488.7343871104,177711.54260143507,B,331610.0
Cajero_39,12226.70044544627,355224.25184844853,351863.4553768778,16452.871056362466,27554.749717982755,378381.2298840914,170195.1195031051,B,275010.0
Cajero_40,16252.303224897963,350049.2374244657,353549.2066568382,18773.314773299157,24594.0870012516,355972.9944936723,171549.16516585168,B,452490.0
Cajero_41,15740.238851520124,358580.5739510021,355162.7037755143,22180.977948431384,28837.677551331693,377108.9275305348,172158.25068171072,B,479030.0
Cajero_42,8231.55753462761,349344.30549286254,307782.6283633294,21025.664149897457,29252.934047322047,358514.5740122845,166997.58394399722,B,308680.0
Cajero_43,11808.653489423948,361465.5092925189,318599.1806794965,24064.0427351476,26961.29403556337,351626.8882602892,173209.28694243758,B,438830.0
Cajero_44,8855.96378899671,352202.14736730186,330598.12534205324,18175.70511630358,27177.49756522767,370388.8826438704,169271.327193452,B,313950.0
Cajero_45,14394.558867925864,343763.99548273406,347660.76655037707,23288.25445977425,28436.74782539318,368324.6341996468,168602.74175599954,B,496700.0
Cajero_46,15707.73039681112,347460.59165587643,343234.0035870475,21892.379773640758,35932.7017511442,345653.10386803595,166643.55158955575,B,298980.0
Cajero_47,10018.097924352627,355137.64884100994,329558.80759958696,22221.05033104933,28411.66672408969,350975.59857196733,168880.63266830824,B,340810.0
Cajero_48,9469.706748938475,340087.4221069603,339726.4010109564,22271.543090936422,28437.66271657097,359918.6748102374,164754.8649958049,B,299990.0
Cajero_49,16323.695652085917,358514.52434436406,356693.63240022125,22473.06258695191,30088.371594852902,383522.94647655456,174003.40220749928,B,514570.0
Cajero_50,15511.20882569729,348328.32843547483,325386.8957181917,24745.17238006775,27371.08271412105,365451.4424382061,167119.31898430933,B,441400.0
Cajero_51,9430.387219535902,338399.24562760367,338536.25398499507,16541.286842818587,26417.26412998285,359444.50491656945,164012.61156537087,B,426710.0
Cajero_52,13066.711293719383,354629.36426127347,333244.24730702053,24465.202178022275,29044.147027114872,353913.9016782824,170797.9144961069,B,368190.0
Cajero_53,15694.967804224614,355028.6112333675,349821.0473026513,27456.294887453667,32487.181902021697,376133.4282819223,170012.56988518615,B,311740.0
Cajero_54,15501.615211022465,342826.5807544708,319909.4382004786,28590.81692064369,26610.163840594385,364208.281481737,164622.39527874836,B,292850.0
Cajero_55,11925.515935050302,355617.13605607284,333277.8209824453,22801.09835311269,30081.598985005647,372816.9661247031,170487.540201984,B,472400.0
Cajero_56,14314.314594206617,349028.8503710184,326554.3994932188,22668.2211448138,27978.477114689,366271.3623324474,167662.84462657585,B,488130.0
Cajero_57,15568.939722958554,341233.5840032952,320484.33722643246,25007.842511041465,26504.34318490209,359643.0714873396,166747.8569978279,B,237140.0
Cajero_58,9099.029827449673,352065.5145079786,327869.0052847092,21077.4302071143,32143.09451332335,372428.1969429425,168168.5441838894,B,439510.0
Cajero_59,15225.113599056383,332221.8472133673,314203.2279674508,27355.8179123463,36002.59894030358,353214.5939720315,162593.05484161724,B,370090.0
Cajero_60,15683.775106491745,344714.00904874224,341241.65299051115,21841.744681664644,29135.114636167335,343646.71125981794,165842.99550905274,B,335610.0
Cajero_61,15697.92912134369,343870.3624639797,343019.83317961363,26822.00225925771,25838.84930436378,364183.6643597057,166539.56970848577,B,316950.0
Cajero_62,15651.562239142337,350352.81389261485,340540.7775936607,23445.10026061953,28550.832616121792,361551.65460366633,165502.3709860098,B,442590.0
Cajero_63,15999.37850148142,351325.25816415687,331065.5548847727,25665.290605378694,28265.726038179037,371177.13076084096,170690.79869626355,B,365730.0
Cajero_64,16848.183154889623,357210.9491012143,355356.75320947083,21722.97262030861,30293.117472016045,357861.2941714859,173498.09214069237,B,463850.0
Cajero_65,12784.639979800782,346860.6165199984,306945.3118621269,23979.185175773982,27530.11607864152,357502.63835886575,166942.87212121944,B,503040.0
Cajero_66,8972.84315805507,349764.2102250557,323637.69639174145,29856.05062239175,27098.251739981177,362963.90834966686,166013.31254717606,B,465810.0
Cajero_67,16929.721332179906,358167.697114296,357386.0180567129,23147.4263512066,29086.80316268085,383934.6461269524,173538.7257499439,B,326100.0
Cajero_68,16601.41595020347,354567.70584720024,350152.01440471737,21521.672613645405,28804.118798056843,376489.2896336292,170173.41946243023,B,371990.0
Cajero_69,15390.700506088418,349304.2547012246,324276.5186697015,24338.251186141697,22300.522635402456,342463.687388201,166716.65581047026,B,263520.0
Cajero_70,16023.435145121326,354901.5682699088,330678.32387380366,24349.99770238437,29909.517425078622,371735.2321871664,170163.9628048518,B,469850.0
Cajero_71,8921.190899682852,337986.93774493947,340350.7580719355,21406.58209773385,29145.386739126447,365465.6060779456,165057.6553087882,B,417420.0
Cajero_72,15198.186949267278,331192.8256276987,330676.409334645,20344.9753351042,28771.53812390555,351078.6689868819,160546.71361962476,B,558620.0
Cajero_73,16209.94711396403,362804.5507942535,354515.0815946025,22671.68268800765,29450.814985522746,376062.2113533371,172144.6626636129,B,502280.0
Cajero_74,12807.321666089956,346603.6622440598,345195.90567654703,20736.77112455577,25423.94411416038,351544.75414963474,167407.37448606454,B,343470.0
Cajero_75,15307.668236785048,345478.90577184665,339991.5291472349,20435.18053953244,26530.998849206328,360655.9295514562,165092.34763801863,B,336890.0
Cajero_76,10714.748251866518,367315.0031017956,363290.5738788109,22613.152800442203,30492.12350315262,384550.83933044405,175853.38822301963,B,290080.0
Cajero_77,16260.393118623198,345554.7623382335,323426.671353681,22983.629962280385,27627.73706215275,362612.7276405172,165821.18733482034,B,414010.0
Cajero_78,8646.414918934553,352865.2605138504,329369.4038391469,23129.14623698619,26373.44020897713,355156.01766081335,168690.5031907434,B,493820.0
Cajero_79,15361.86235310628,354024.5086136952,353386.8121267974,19709.12410724096,30357.48591674828,375150.3713101392,171307.2376467308,B,328820.0
Cajero_80,15721.739429229146,346047.25488019735,343143.24802971823,25067.246958990192,28945.62354270431,364317.8907156215,166740.53459410954,B,290260.0
Cajero_81,15886.799061790483,351661.17865244107,348243.3760682399,22957.550592805783,29267.649099516428,374441.04521326587,171981.28083046738,B,471050.0
Cajero_82,15524.477151643836,347886.28504154814,303339.808879978,25281.192430366424,28346.789975152355,335881.5816252187,165193.19415417756,B,386890.0
Cajero_83,15252.290670343777,342697.6814357718,302514.4897356876,27996.656670304583,30698.73116151855,352644.2100470445,164675.30161812305,B,505070.0
Cajero_84,15671.596629779811,348877.88982219686,343526.0745419848,24019.37046038081,28194.55816647675,364724.34064071765,166758.66629718008,B,348360.0
Cajero_85,7251.159273964178,363676.940409108,343285.98528371647,24334.37922926976,24860.2534755366,345705.8172804539,166809.89363344604,B,545960.0
Cajero_86,11652.025967735306,361891.3820351077,356562.4289900699,29472.91189937141,32026.98190764536,358310.8066280085,172892.0502741905,B,476870.0
Cajero_87,8183.419974642472,340094.05125919875,318602.9416539513,22634.76468823906,28069.92227197947,357024.19844872714,165934.4201555118,B,347740.0
Cajero_88,15232.771892868104,349925.2693037976,339414.2058629913,23243.66231892239,34043.8441825097,360046.62946541014,164619.9308468743,B,494490.0
Cajero_89,15898.343399279427,348333.12577609863,325811.89100347686,25100.11803523562,30397.768802009938,374713.1373936253,169171.43825412917,B,532400.0
Cajero_90,11815.346289728865,345749.0706518691,318937.4827924629,25900.3596482854,29064.5926840116,365971.14568160014,165391.04567353244,B,263380.0
Cajero_91,11781.784492021805,343668.9868615772,318031.532597166,25139.043087735983,26654.226034046536,360342.8608070819,164755.37325624528,B,363060.0
Cajero_92,15497.891520684245,348458.136983868,341806.57320750464,20241.62537509621,30053.561183033853,370483.6176723835,167326.9947297763,B,280880.0
Cajero_93,15161.31438315136,344381.7146753912,335788.39581849286,19519.547000154453,35246.27326030222,359867.662157672,168348.92910241755,B,360410.0
Cajero_94,16362.790414506098,362444.81364974746,335925.84734399285,26763.931989165198,29501.53434892736,366054.95003181696,174113.53615612152,B,433020.0
Cajero_95,11557.677926453449,356776.1682938979,331288.97191716114,26507.781167590656,27002.27023184372,374699.8143561879,171319.63606835602,B,391930.0
Cajero_96,15911.117494192536,355652.62584470515,331555.0517338157,24867.95756884473,39723.60032867222,375653.8382243999,171788.49584424376,B,365540.0
Cajero_97,15983.89208544656,354072.99264822423,327565.0786478096,26698.64787557276,29762.85672432505,376729.4617230546,170252.98400057896,B,443420.0
Cajero_98,8459.372207383689,339211.06190882984,314441.29934444785,30856.79999481407,28511.45243120653,343249.39549691736,162770.90258578438,B,417610.0
Cajero_99,15739.9432733145,368343.2565264786,328740.1667617738,28061.43647624667,29709.85258055272,359194.3514935323,170850.30184787232,B,359210.0
Cajero_100,11033.974041142992,340358.00371659844,339768.2183851012,15700.22885705244,21101.05786002161,372248.69425009337,172312.12354588503,B,445180.0
Cajero_101,15809.374197192734,340521.77155610075,325980.9432581493,22691.516199211525,27453.83465987264,364188.6811366007,165742.9163030922,B,502790.0
Cajero_102,16111.380978492803,344782.2637618756,330506.3189652767,23027.360050570707,28325.78678886571,364911.0468388027,169499.73622063154,B,384760.0
Cajero_103,15623.661320411436,335821.9680916614,338291.8807947488,14543.032158107815,30107.206616528674,354649.1371847991,162816.55389005126,B,297150.0
Cajero_104,11318.32080575384,350263.6667470012,331515.14063143026,20608.9649059303,29312.39505712019,346924.8049221219,168625.8928322724,B,319790.0
Cajero_105,15471.061115146676,338239.55780990137,318716.50461093686,21153.77846452112,27562.66331427536,351893.9477662452,162196.09679319928,B,475030.0
Cajero_106,17052.4794637023,359044.061814882,343370.20911639545,24750.9763107681,30637.08058092926,379773.0439813429,174870.61578676893,B,510990.0
Cajero_107,9007.7947514554,344564.91421061073,326041.4367509392,22777.10384455301,28983.69785896699,363570.316079834,167015.27678889947,B,305130.0
Cajero_108,8677.982276301755,337947.823534947,319180.568054957,20765.855237559936,27311.564343310747,355302.94562587375,162472.27225601976,B,314700.0
Cajero_109,16661.943801351583,360542.28219024296,337274.7040040653,27796.31130940404,29673.570645129614,380744.7913706968,171893.62691324414,B,385460.0
Cajero_110,13606.112977638011,332297.0204186602,314045.833689136,19498.16573242766,26011.089748152765,332557.55925995664,160281.23770723428,B,364000.0
Cajero_111,16372.818931815882,350515.29870634974,330546.1930896998,24087.833255740134,30207.84379738137,374137.95189002814,168910.85833306928,B,389350.0
Cajero_112,16062.572020714868,336666.1239130873,317916.53217883134,24432.809814479453,25832.256565660384,355014.3158704005,162472.27225601976,B,560780.0
Cajero_113,13232.509564116945,330852.30625868693,331675.71218807227,21647.18187417505,32381.85732084547,349853.6888652403,159820.21300099816,B,385500.0
Cajero_114,16322.53666986052,349303.9907843217,348727.4735108523,22803.894486581583,29541.10345924022,368318.53403847263,168560.94659879073,B,309680.0
Cajero_115,8831.149491839762,349688.1702198776,331465.36126082,21289.47468169628,28324.75915544464,368978.0363090143,168556.60018011509,B,431760.0
Cajero_116,9174.674112982766,358337.0951167901,356426.41605265747,22703.240084716388,25458.4360219494,380093.23454307305,171771.51357124528,B,351800.0
Cajero_117,15548.059015756471,343202.9757439247,337185.5270278091,20565.806120093483,27835.097129006983,337871.73006459296,162982.03018825504,B,396970.0
Cajero_118,16317.7973845183,355264.5224994024,355382.74347148795,22614.928684295373,29161.147563954244,380107.23036503326,171605.78929569613,B,519840.0
Cajero_119,9869.330456870188,352577.72285879165,350075.51713924005,22277.8141336684,30070.446998683878,373640.5214371981,168855.407215999,B,224500.0
Cajero_120,16265.814840074008,351178.0987523041,328684.3234679897,23367.4412756479,27740.66823989663,352877.02930664044,167806.94622993426,B,439860.0
Cajero_121,16165.228664976376,347557.2441634339,344227.8604273666,20683.76828454664,26547.07977087036,363254.2184203024,166076.7570368732,B,330610.0
Cajero_122,16124.165491341842,345393.8656764686,344785.12306050933,19208.76139215757,29157.41305604316,364053.7452939977,166345.6149114661,B,294640.0
Cajero_123,15638.653983015714,344141.91576695914,340591.7861168185,23547.72382879552,28625.11803066532,364287.24490481697,164628.47992341273,B,254280.0
Cajero_124,12538.239779897294,344326.32926565426,322993.5103619593,21222.194715230755,27490.96590531773,363810.8144348046,164248.4987866148,B,494790.0
Cajero_125,13511.192174747875,353185.89431869704,353798.4305791183,23091.915592682744,30374.122969349948,377290.7500638584,171824.55266490788,B,348120.0
Cajero_126,15611.42899509472,356516.6926783928,350999.6317305754,21953.346554994696,28976.89490244837,374606.6138120252,169156.19968078707,B,592620.0
Cajero_127,8846.928412572159,344263.9266330802,325100.24331188324,21170.132510436717,26454.73636309501,361925.864555027,165635.34193912882,B,546210.0
Cajero_128,16250.42464004288,355498.2106261008,354219.3440837112,26129.07281889901,30509.237403184896,373797.95704139664,170897.26517811575,B,512300.0
Cajero_129,16262.455425506949,362023.1149125628,315767.43293980364,24585.90288747198,24815.853165151093,378818.0932182062,171023.78669243283,B,360730.0
Cajero_130,13548.845643418916,349339.1465764273,347005.09656286164,18311.21698493448,28610.143087318284,370258.7123409157,167063.629967269,B,472320.0
Cajero_131,9172.644258372862,356635.7236462363,336484.756817542,21114.507798096107,30360.484979307872,360772.39712461457,171561.50505032443,B,246940.0
Cajero_132,16193.842156016508,364727.39248027554,362790.6164597456,23699.32020316704,27081.770542346567,363072.55019719707,174988.40757860895,B,517700.0
Cajero_133,16183.645926408532,348880.0952121787,327592.8939991543,21780.53804159889,28159.84880209986,365184.4602082567,168420.02899038733,B,265680.0
Cajero_134,15617.782337951763,349243.0611139605,350184.95558652777,23515.57957759905,26118.396954954944,374867.6379032855,168594.55500710223,B,387250.0
Cajero_135,15474.961214526378,331942.09139552305,311946.82330179063,22151.943536468087,27352.233000508822,334325.9037702938,159144.55032095514,B,388310.0
Cajero_136,16256.960930757494,343506.4694052148,340198.7631250264,28929.41125354468,28376.096397840647,359310.691682604,164273.80995828658,B,468230.0
Cajero_137,16060.036039790746,347361.76700574753,331090.811656319,25979.551736805824,28452.615705026867,350480.8112158104,168895.04727766747,B,486070.0
Cajero_138,9777.79869207255,338939.65904323297,318608.31957327056,22354.91154609843,38175.33980125708,354377.8222252147,162180.98099201446,B,569190.0
Cajero_139,15888.89683630707,345225.566370505,346338.9259196363,21855.26523753525,27668.4845880104,347910.0797907978,167262.7923516943,B,556740.0
Cajero_140,8995.58081359233,349541.20571132284,349169.6371115785,18527.87656818955,29840.22748922175,368520.2776789925,168249.78051154554,B,466350.0
Cajero_141,16567.16810046303,346823.60374570714,327903.68962893874,28280.80575572974,28084.840807399465,370810.0039087158,167408.40035688275,B,495880.0
Cajero_142,9210.724106327089,348570.2137342369,327005.4552832105,27694.052639756013,29061.050317304194,364975.9122763578,166895.5085125964,B,483380.0
Cajero_143,9767.99251466601,353732.1435060563,335074.5493997388,21041.665927135095,28596.158127752547,373333.2834967508,170546.16483348125,B,489590.0
Cajero_144,14595.319939302444,333491.9997442318,336098.9718502065,21727.88616774848,26614.21018614452,358416.04208783724,161812.93825864783,B,425640.0
Cajero_145,15651.286261935587,340492.5859433768,322956.79629098345,22822.93754496013,27133.01438430397,360016.3663025462,164596.4384274421,B,495510.0
Cajero_146,7335.060934349337,341723.71242844674,299066.3878641814,21338.56430152485,24587.08609251281,353948.85801367747,161984.66555613102,B,307370.0
Cajero_147,16030.259043636404,357919.2285201388,330202.22564623365,20334.189654449958,29328.98385184288,368947.936635464,168581.8980941405,B,448820.0
Cajero_148,15461.799018703254,335784.30519528454,318203.5449078437,24113.63580801568,26580.566343177365,337425.3861887065,162766.7235361117,B,262660.0
Cajero_149,10219.476846989286,353880.33454351075,350233.0547593964,26890.08554855295,28449.379914946192,373808.6635541395,168931.39390373055,B,495460.0
Cajero_150,8567.485794447284,344377.9173641904,319657.90320993226,23754.10342875598,26683.10464970511,357961.79053039325,163688.1039245489,B,308530.0
Cajero_151,8405.320217771688,336306.85664877633,318574.77372440574,29916.312096823556,24224.300145831323,343049.5147312736,162821.95406055954,B,472820.0
Cajero_152,15740.91283682648,335240.0580560464,298220.648914734,22591.190555303987,32990.970501853946,359698.16280112875,162391.7731752198,B,436110.0
Cajero_153,10101.054696346511,358347.4562457722,317002.61595972866,22951.585126234877,29542.030988698785,381074.09444093,172042.29631169417,B,357100.0
Cajero_154,13521.654410719138,343822.8903236684,344656.5345904971,20298.99863490579,29615.45395450165,351279.8974103752,166895.5085125964,B,407860.0
Cajero_155,16337.64871953596,358805.0826428708,334525.95931647124,23243.536808200857,31608.89975219349,380569.64792022185,171814.55546272252,B,548550.0
Cajero_156,9262.621757764444,348515.914937522,346598.49534095504,26983.912501799343,27960.676978610147,348232.2121990191,167835.87811082345,B,367930.0
Cajero_157,15970.55746916889,342597.7740232753,339574.85366537474,19160.552689934444,28003.718816559634,365155.2580816704,165708.0214920161,B,401950.0
Cajero_158,9208.45225994518,345930.3851468968,344275.1098154639,21530.91792343632,25031.01900854956,351980.03574514313,166687.22536520663,B,424360.0
Cajero_159,15082.27686882323,363036.1226036088,321616.7579041025,22080.060565506046,29268.27201341634,386994.3166194495,174890.24657096204,B,254900.0
Cajero_160,9723.082839752456,356082.43056582013,352722.2647049734,20675.68569956081,27639.861648532813,373535.0650772682,170777.07319509247,B,389020.0
Cajero_161,8786.385461025262,343851.2619704828,302512.84998228034,22983.78500449668,26741.419045368075,364299.2428735972,164501.83525592522,B,288290.0
Cajero_162,16395.214650570848,356156.78002764523,346296.73545971577,27392.970817585105,30531.43365045333,367262.898250557,168439.56473004323,B,527370.0
Cajero_163,14938.28238861232,359215.5558547986,358816.78722603986,19418.46240629501,29960.42518928001,385124.4265994016,174425.1164733079,B,241070.0
Cajero_164,10949.99653506326,358423.04838116467,316096.150758086,25745.883337275955,28993.842294895887,368343.4130880248,172309.4459917075,B,287900.0
Cajero_165,15798.531524075805,349482.5049480655,328153.64330874104,22443.00158834962,25267.566180649606,367992.38970115193,168720.10493924018,B,318210.0
Cajero_166,13509.222441005631,348171.019423302,345557.6520101093,24997.056964170133,29000.27332666807,366377.4901494824,167811.33805823742,B,490410.0
Cajero_167,16167.578055072205,339885.2873911743,337703.3137712411,22988.487843073468,28032.3526085037,363082.3826962531,164511.75740305393,B,414250.0
Cajero_168,16436.016897153582,358864.7735559103,336699.65549548646,25554.08286044273,27862.52312005797,358043.06505641155,173200.5816440204,B,375180.0
Cajero_169,11066.08095632654,334689.21507612086,332924.44444246124,21558.932806299104,27206.77039505392,352390.92790031125,161536.75077179982,B,443460.0
Cajero_170,14393.115098212673,357526.0064040399,334634.4481664591,23851.268277296123,25054.38627686707,379365.7728840075,171579.2510692564,B,365740.0
Cajero_171,8970.086894677286,348922.37359960465,328637.90169051685,24179.12862766623,29459.430198251823,367926.9225780656,168658.4837721521,B,309680.0
Cajero_172,15721.976150460898,346782.89765288576,320413.46904442966,23549.316361364177,27246.786410438235,359527.9399973453,166085.93401071706,B,540810.0
Cajero_173,15615.22131991182,346572.904151504,325919.84560293413,20678.39567570596,28590.72245415785,365706.5074178499,167808.82426123053,B,532930.0
Cajero_174,15970.752248699151,347756.4672388924,324912.62721767544,23598.492840970976,27842.74503563603,369863.2888718625,167584.16973947943,B,461580.0
Cajero_175,11134.160591055084,352591.35730517964,309133.9539825266,22137.154941160064,31042.29484010176,341164.6377465432,168914.7377209759,B,372950.0
Cajero_176,8883.843358542994,352375.0182581874,329750.80412821524,25455.140403006328,28632.297829492087,356417.0928544047,169440.1734630032,B,388780.0
Cajero_177,10052.967092080084,358008.30295910075,338855.1833329579,25004.09729173421,30621.233116878066,380114.9810921756,174424.26802886967,B,519370.0
Cajero_178,13854.989115608909,333011.2926888616,333944.5962793537,24254.32925516204,24373.569568187828,358613.1338148922,165164.55887052632,B,296210.0
Cajero_179,15722.890890390225,352001.9630898978,349160.52700643404,23008.00408601247,25144.62293559602,351624.03996285284,170116.0914534346,B,386330.0
Cajero_180,16890.83057398248,361143.5389748721,355001.4847491312,23162.41997528214,25659.77291685184,376928.08864873496,172961.89109193155,B,414400.0
Cajero_181,9540.841162167872,352372.11353845743,351887.2489329142,26894.62071649291,33708.74727641224,372806.6264860351,170930.98441760178,B,478420.0
Cajero_182,8111.791103095167,335057.9274272931,293771.5700573625,23611.50669584271,27795.3679441067,353918.39520042064,160359.52807912554,B,244630.0
Cajero_183,13864.862202535704,336775.80510723364,336047.81695048616,24609.04177426608,29262.541077533017,356025.5546491588,163236.90141350793,B,461730.0
Cajero_184,16709.65140382548,354711.09252624767,349743.9689356501,22844.4503478476,28423.54523384634,371345.84330118,170571.44122623888,B,347700.0
Cajero_185,16053.817427890765,354059.62607470906,330669.602577752,30038.87142434697,30595.348799903066,371118.69918866566,170467.1064145356,B,497670.0
Cajero_186,15501.391570007369,351297.2436169408,338019.95279158605,21728.409813734997,23447.71186854464,378556.3600634658,173204.09787806962,B,360350.0
Cajero_187,11042.08860909652,357446.192078362,354373.31984461343,24971.2100474596,28215.20260531916,375498.3426703317,171945.58186295937,B,319200.0
Cajero_188,10369.258587511402,333458.7765662589,314563.70083300653,26627.099197767388,24791.66284899476,352618.0193050651,161631.1318006663,B,425480.0
Cajero_189,7938.244393165739,337029.5715941707,317417.01019886526,8008.594189059473,30344.36101804172,356299.5507334146,162796.1168392132,B,261600.0
Cajero_190,15146.584781932388,347361.3482010352,343198.5716432949,10354.666082561198,27285.06748759047,365237.6949231611,167048.22901349037,B,368440.0
Cajero_191,15199.393051573188,355462.6160596453,351571.47430344287,20507.50991777856,27545.35747966431,373255.6147715073,170951.34357960094,B,513470.0
Cajero_192,8737.995511162693,365123.5223033339,356234.3332207701,20605.90854629911,26779.269876394414,377398.0123861072,172848.5647059068,B,312740.0
Cajero_193,14583.727482795835,349321.07271865493,329682.6040670493,21899.822148161747,27510.82711537661,370208.1946085762,169555.2178848708,B,388920.0
Cajero_194,16107.364751488534,348170.60659031384,306716.3305447619,23806.170349037744,29561.432995210456,357764.54867533984,167944.0667235671,B,393050.0
Cajero_195,15100.504220588004,344590.4320172023,304216.73454424087,26392.43550096252,27506.00735694537,354296.00761259213,166177.2655087322,B,348050.0
Cajero_196,9628.408844713153,349409.2341326151,346106.82468012755,20322.766478331203,28372.995883458065,366615.6044501465,168395.8364325364,B,363460.0
Cajero_197,8952.545288721984,332254.79401691613,331219.2172616576,22051.37072733673,27054.861856164945,332555.93725943426,161174.49557764025,B,402630.0
Cajero_198,16408.053653987943,345089.2622943307,339978.22108547925,20619.43312325577,29114.853581976447,365559.3758235005,165933.45261949443,B,253860.0
Cajero_199,14071.209643824037,344930.4399564484,324340.75377918576,24441.66164205548,26203.060260497707,363217.4157625594,166737.60568057653,B,357630.0
Cajero_200,10962.020518156189,341711.53458539746,319579.72336781595,18650.496897724213,28008.765313670712,362380.99648738536,164125.07660161323,B,305150.0
Cajero_201,10608.175843125517,341083.0806907037,336464.33643524186,20721.22927111421,28323.173592633408,356186.4207237652,163509.97609167232,B,341230.0
Cajero_202,15929.14880749512,358298.01765831705,356642.8450706296,20126.88140724626,29149.25615144388,382598.6418100439,173141.9956670194,B,530620.0
Cajero_203,9629.067863582535,353143.19182545727,331440.51758059365,19792.636982511493,25895.53480934076,376145.8971897261,170359.30357290508,B,382910.0
Cajero_204,11145.113135810809,328061.4807567009,309505.2686660507,24669.32054549067,24485.26731838077,332850.3298313198,158805.78339321294,B,307760.0
Cajero_205,15814.134181676243,350927.398070849,328004.1038964059,24696.968580356115,26901.270386250773,368150.11714010575,169001.9982497011,B,353830.0
Cajero_206,15816.045174369488,354083.28147983266,348574.100323302,22055.517884175635,27573.15001312279,350730.3305590224,169756.79645078056,B,354540.0
Cajero_207,9028.508056912142,365643.99528977845,342180.85200470925,19832.218308776035,27443.255796282123,383435.9061153184,175732.2334315969,B,498320.0
Cajero_208,16348.62118714669,362764.3599416628,360311.6872143932,22587.229152870543,29731.411932054376,387120.87069863937,175473.04199755596,B,459660.0
Cajero_209,8833.511298312545,356837.599474868,335096.9996966415,24283.10064139985,26564.51931084789,375226.2022141825,171936.78730864698,B,402390.0
Cajero_210,15766.61630042554,351316.2850525977,334488.1982376312,22484.114312233152,26855.31955486096,380885.07502675656,172646.4983553965,B,211330.0
Cajero_211,11601.353743111871,361018.8200870642,337624.9924753087,23560.99651699205,26555.716563422742,383588.42633327626,173871.8657102668,B,391000.0
Cajero_212,15274.641661849577,340899.17848784983,317631.32741136715,15909.021825256385,28312.398231769865,357920.38708844123,163781.1781790543,B,355830.0
Cajero_213,15167.557077621812,323187.6832181679,322556.83515821194,19286.937603554943,24848.409884572025,342193.2262379891,157086.29803239615,B,516970.0
Cajero_214,9239.07415230634,349720.2761062684,345952.46248901007,19764.43846871145,28709.7403435774,347280.3526482168,167952.05788974822,B,281400.0
Cajero_215,8255.353557763068,346958.573155055,323980.16128076543,18878.22007175848,27795.20363215652,349576.6484973984,166844.97993471095,B,259750.0
Cajero_216,15841.77292838618,341197.83717297285,318429.93551910087,20987.557562458445,26626.680914488028,357404.1198560683,163904.2206957641,B,356100.0
Cajero_217,9689.610420346478,345070.0295123118,323364.89394165337,23102.248032178773,27795.973868187717,361793.3286462803,166083.8680960215,B,485390.0
Cajero_218,15771.579426540562,348701.8197488766,345790.21058480226,22122.47188072837,28327.062182098103,348231.2656697831,168377.97952452232,B,359620.0
Cajero_219,10649.205432549688,342087.6829818108,339322.2766613693,25796.84966776929,21996.70267343749,356563.6798997857,164875.95706075468,B,553590.0
Cajero_220,15625.671159459283,345650.02980674314,344079.69215034327,18286.857593623543,28095.953502619894,371058.5171061263,167713.4738285741,B,307180.0
Cajero_221,8676.347484314845,345668.18373354204,323966.0074014063,23601.464348659098,26501.11647786045,363094.373480465,166377.72015303434,B,320980.0
Cajero_222,16091.821018743303,346129.008038573,323456.0647060949,21653.941664571004,27539.85974016886,363045.42137325165,167784.37340713764,B,390760.0
Cajero_223,15721.29878977685,352887.67006362334,346485.9591094805,19058.596104116485,26594.333890901737,367508.7905882735,168739.86443355263,B,355830.0
Cajero_224,15962.28289192313,357856.5525608476,313259.1754551063,24237.25841497497,29981.487013474827,365470.0086666868,171326.39530931256,B,478510.0
Cajero_225,16208.268429394862,360786.0598738725,356908.5740102889,22369.51376170756,29371.42144959907,378964.9094606034,176801.9795198337,B,440320.0
Cajero_226,15176.403595057423,341223.1472916372,314512.1077170166,21226.01508609594,28088.21427282728,335089.9798487409,162023.8597970893,B,311630.0
Cajero_227,11111.385282717642,350940.5706345509,343008.53982040554,21464.159177909936,27338.30363235884,349024.9818146269,166522.85034226294,B,482220.0
Cajero_228,15654.424247360294,356859.7635842651,332413.3494559659,23067.97965403975,26530.513734896,378174.7738603605,171417.98078790202,B,399100.0
Cajero_229,12331.693850717498,353123.99475743226,349503.43128843786,21936.79540458589,27611.62253413286,370310.3225104742,169822.95797574814,B,321370.0
Cajero_230,16298.786383359538,358601.6531367174,357349.1673442899,23248.150871173893,29887.784373421782,379432.7307041576,174006.46097077927,B,416100.0
Cajero_231,8600.423720260134,344154.89540836745,344516.7405291449,22018.610606157265,29104.975828170493,369681.5544689714,167568.19857318944,B,341850.0
Cajero_232,15529.43292120721,351189.0998947812,347633.79766984377,19955.36277223401,28369.194323511885,368726.27357717697,169128.86515046077,B,580690.0
Cajero_233,15631.261711456184,349409.2219438874,325345.9388061458,20974.230884688044,28080.47084643321,370134.4336374174,167605.00941384677,B,363910.0
Cajero_234,15898.726403772414,352523.28977856913,331191.3975276476,23188.32149287589,27955.415950789305,357991.9301425888,170644.23072877558,B,356470.0
Cajero_235,12472.333431575831,350869.74899664545,329255.37652619847,23112.96820492929,27646.87706569931,373423.0272977349,169094.1569270332,B,383670.0
Cajero_236,15756.131346521666,345154.9335939824,346062.94075613754,21287.191968457973,28172.540394128253,366647.1786696177,168005.69257753927,B,508510.0
Cajero_237,16244.899099963724,347395.2290563065,326533.03366359475,23178.66572344037,26993.551580015617,366498.9954861469,168874.79410894762,B,433480.0
Cajero_238,8800.565679669571,347473.9121827724,347315.2581959767,21443.189089787375,30425.55560736088,368292.7507813667,169706.13624329303,B,365300.0
Cajero_239,15437.651275555418,343968.18523293413,340234.57477233256,20659.743191560647,28074.73266906423,365549.909984672,166814.63526826497,B,457770.0
Cajero_240,11427.506985463182,354649.21345780825,352120.1427859644,21798.211749031667,29753.55417781043,377840.3381647557,172595.21178090866,B,294460.0
Cajero_241,10764.361601325052,335424.7399143635,314104.6323634813,22249.278082089302,25181.496347870325,351432.58472116315,161327.69297838092,B,262820.0
Cajero_242,8572.219796302028,345564.77349997737,324317.4553440983,22153.04221731019,24709.059574504277,364127.1709615736,167018.68137681903,B,438040.0
Cajero_243,16066.444351314996,357417.9161345163,353785.58590774686,24702.124252475325,29054.52626395372,356283.0831677545,172271.22202014085,B,469810.0
Cajero_244,16453.37064062079,362844.51054495294,362620.2887706952,21578.432671174098,30317.65450302739,384695.6349659494,176420.00959459704,B,283930.0
Cajero_245,16168.35979355174,344655.49918610725,343840.141033776,12434.859390763078,27345.501391681264,365573.5480093979,167283.19638657945,B,376530.0
Cajero_246,15472.94248422336,352335.2206813121,346369.23216765426,20902.6969393198,32133.03982063113,367455.25782111817,168683.018007827,B,367690.0
Cajero_247,15606.089961624792,352397.2894744626,310912.575076231,24483.43767464691,27588.21767238887,374909.906355536,169630.5052560846,B,316630.0
Cajero_248,8059.86920871275,340001.3611821028,316864.38022234704,23046.41268117682,26307.232755699384,354844.8968886615,162730.57041375714,B,364000.0
Cajero_249,14182.128687708178,346341.16364224075,346075.9305137777,28686.80831946034,21468.88316085401,368017.5529015558,168180.87683150967,B,496890.0
Cajero_250,15160.181394834844,334830.5343836886,315251.1624718155,22245.99227537377,29895.14882828488,354459.62625351263,162717.2784869391,B,320030.0
Cajero_251,15938.475848415135,360180.7210455795,337544.4977881702,23792.381365456386,25705.097139114383,378510.8590771716,173583.69401816686,B,490180.0
Cajero_252,8501.125875107144,336893.1954380953,335497.83454149443,24635.729948853423,25698.39212314844,355761.56661322905,163017.66894321062,B,510910.0
Cajero_253,15564.468871448464,344323.1801629469,323658.19228602765,22567.024785776182,24344.005981185182,363912.2564119001,167056.57735201294,B,234090.0
Cajero_254,15846.35174701145,348466.3358311895,348939.1127700162,24841.69159616189,27760.497900323702,351402.3970663976,169911.2958863996,B,556070.0
Cajero_255,8795.465237293045,350140.29224774,347414.6635927199,22789.785532971902,29548.67459544573,368079.30359837576,168661.92329336423,B,272710.0
Cajero_256,16927.957466289008,364879.19800738426,339664.5719870035,21800.080175209907,28102.61811874332,362220.79539952,175318.29008591676,B,278760.0
Cajero_257,16072.536723383524,360741.0264010001,340171.9902845198,25258.615499329622,24662.74215333273,381257.7025555687,174876.1526843226,B,445050.0
Cajero_258,8942.43716404578,362982.49866997777,338324.0904379208,23771.40848303453,33199.302939296926,379853.10962865327,174231.89079662794,B,420720.0
Cajero_259,15374.3886848139,342324.4395536208,301721.7747073062,26973.98555081824,28952.054642514984,352009.672045537,165016.40844783327,B,358040.0
Cajero_260,15854.884480389688,351267.8415587614,330581.19798112044,22951.844814642616,29683.734070091243,370702.45275074895,170002.7874681148,B,279450.0
Cajero_261,16011.54097293788,354505.0608370982,351356.09809281834,24433.718725296712,29482.954874205232,372745.7107080061,170939.8180857236,B,290890.0
Cajero_262,14949.54538624513,337243.6657850773,317712.7908755031,21655.533507356777,24103.32735509139,338875.2869008844,163535.0875809914,B,274630.0
Cajero_263,15603.308434590046,346749.34379660804,325037.4523886789,22849.31751927325,29624.972123003703,369472.52479780174,167473.45020118434,B,234370.0
Cajero_264,9400.58350480534,366300.6993726052,344312.5629794097,23819.79902793352,30972.304200774965,365705.13793073886,177004.7448185147,B,396910.0
Cajero_265,9798.997893439062,346818.5980464267,344916.8672632514,20610.24547885332,30677.62352733096,365449.6928555816,167603.12147073014,B,391640.0
Cajero_266,11495.352322545,355881.21833439614,354416.24642354954,20604.006826035155,30227.332156563418,379871.75105333846,172038.6659141359,B,354520.0
Cajero_267,8660.493215501965,349552.90232922614,346666.08801516,24778.59853399817,32090.305613021053,367578.4794621024,168422.22221761316,B,302020.0
Cajero_268,8508.637132496118,341711.02390986326,340587.524944097,20506.55519449384,31704.245212919013,361133.2312875013,165302.91066178028,B,501820.0
Cajero_269,8766.25056129855,361962.8743169782,358697.7033380247,21211.297057181517,30267.439812729222,384843.3283183961,173942.1248126219,B,442580.0
Cajero_270,15402.458128102784,350246.6507437366,346363.61520652485,20238.363468292016,22913.672855397694,367353.003319934,169120.16088293766,B,474100.0
Cajero_271,9411.332043526889,342560.64974855725,323688.69723548903,23133.91194888353,27282.31943767588,362436.4954831848,166201.8132962689,B,349430.0
Cajero_272,9009.88056944542,350548.05024258915,348859.486831494,22093.25682770583,29207.653497133,373986.4277491109,169171.31009151426,B,392290.0
Cajero_273,15231.238786809296,347946.7511783849,324060.3980381499,21443.90786341805,25626.74432480296,367966.6426445352,166615.57287466407,B,420980.0
Cajero_274,16179.594974960206,347947.73969500966,323675.76241769904,23071.941876048924,28466.86138202724,344825.43075858604,166710.33359037145,B,347820.0
Cajero_275,15589.516071162056,333471.93594986666,331592.2836981007,20154.710972635727,27212.784729249,351753.7347010905,163931.74930436278,B,427360.0
Cajero_276,15873.357995438942,354996.27261899976,349586.14332426584,21438.02237811024,28457.86273845828,371163.1932062692,170032.7066867639,B,499520.0
Cajero_277,11497.8848922323,357212.98360476183,334542.904450352,23452.198653257696,29239.6861333135,375247.5805729415,172867.7365993778,B,396780.0
Cajero_278,15100.890410892089,338116.5640468095,338085.1453553656,25137.97610154271,28176.03259801269,358641.3748818849,164461.49207179292,B,413620.0
Cajero_279,15967.829880447747,350919.7874323934,350765.9688654616,22898.523866428823,28566.33803150056,371604.1707935447,170095.81429887156,B,292100.0
Cajero_280,15763.857432964744,353699.915698056,352622.19216904615,22548.844342278306,36535.57155955159,374386.6321367808,171681.76469663222,B,431680.0
Cajero_281,15823.038081426694,346326.89755004697,336267.78566735814,20066.672663503377,28184.115347761606,361570.2181976381,163719.26706849135,B,325810.0
Cajero_282,15237.85306824011,337544.6907587398,334139.92728232563,21552.15225887197,29153.93543812097,354763.6105038089,162683.27304803624,B,454370.0
Cajero_283,15913.123949383404,353662.6384689486,350461.9269158065,15773.960012243706,25626.02340798427,353749.36958054086,170458.67281095145,B,300780.0
Cajero_284,13551.035973473188,340639.69922757015,321002.0175368547,23334.865913828755,26281.50382535014,360023.3960815378,164794.90150060004,B,276820.0
Cajero_285,8966.591881801338,356879.9420034066,334894.784786766,25611.54261535046,28821.296906476025,374947.4058323048,171626.12620332633,B,389240.0
Cajero_286,15377.904844914814,340540.9912018643,338674.5544758725,21773.00572339841,26688.74143541141,359578.1225812961,164891.05467981804,B,440630.0
Cajero_287,16268.36546980057,361892.8131580268,339276.8422040581,24494.40992254016,29753.4336106321,380399.5649662038,174439.1038496512,B,364050.0
Cajero_288,15346.975555760526,339566.82277181704,337993.3847502029,25239.411192305808,27368.138860647385,363425.65979359,164394.18766661573,B,568230.0
Cajero_289,9538.366066679471,360367.714580274,338515.8386680813,25194.471243889308,32204.72588855236,379703.9116836784,173945.2753529045,B,314690.0
Cajero_290,15696.32602850838,348221.8357850724,326472.84468419355,23136.57350919868,27990.15337029729,367023.6941686733,168136.37041589202,B,440300.0
Cajero_291,15862.721507828506,343578.04673673457,337111.1292689573,25225.363216051108,27097.559522707004,362477.0190957397,164129.86719798844,B,400360.0
Cajero_292,13450.626598512004,336735.75111357163,318331.8886176458,21732.13862252732,23068.012328107056,343517.409350114,163738.21775078162,B,307030.0
Cajero_293,15397.051532950243,341947.0953625604,321105.58574859385,22549.977071671143,34007.57620392919,360025.8253214848,164930.59300340706,B,326920.0
Cajero_294,8912.232669185638,361460.4737589919,356742.8272303565,22789.41783687413,29433.93477469609,383077.1123444295,173317.84619124094,B,444160.0
Cajero_295,7168.080946689232,352604.4165001945,324147.9520509333,23018.634622392667,23290.010446979115,364075.7792111822,166953.53651259956,B,450480.0
Cajero_296,16496.553506940094,354576.9643126206,349119.06610805844,22886.640306057125,29104.850721015155,370667.2871918232,169805.5283365345,B,274470.0
Cajero_297,14806.81389227737,326927.00440772146,289133.0069426125,21682.878754218076,23042.13018025411,337584.11682458426,162689.5786525952,B,269610.0
Cajero_298,16505.288581636247,356299.46519127174,350766.82585138,20247.976477953605,28587.657075597457,377089.0947901535,170778.4393511222,B,365460.0
Cajero_299,13990.560536132192,354207.9979349255,350857.0544347798,21812.001636345434,23707.32655677728,353764.54939235206,170139.9841313504,B,533120.0
Cajero_300,15715.178132136598,348730.167572543,346402.5640660194,20187.17980333653,28709.15715230639,353152.92283252435,168507.4997421452,B,315460.0
Cajero_301,15416.837633198464,343487.5716671458,338064.7511569235,20871.120123997596,28676.827990729365,363502.3961577312,164594.15870378475,B,418580.0
